receipt_id,status,reason
receipt-000000,selected_current,source_version_order
receipt-000001,selected_current,source_version_order
receipt-000002,selected_current,source_version_order
receipt-000003,repeated_snapshot,same_business_content
receipt-000004,repeated_snapshot,same_business_content
receipt-000005,superseded_version,source_version_order
receipt-000006,selected_current,source_version_order
receipt-000007,repeated_snapshot,same_business_content
receipt-000008,selected_current,source_version_order
receipt-000009,repeated_snapshot,same_business_content
receipt-000010,selected_current,source_version_order
receipt-000011,selected_current,source_version_order
receipt-000012,selected_current,source_version_order
receipt-000013,selected_current,source_version_order
receipt-000014,selected_current,source_version_order
receipt-000015,quarantined,response_version_conflict
receipt-000016,quarantined,response_version_conflict
receipt-000017,superseded_version,source_version_order
receipt-000018,selected_current,source_version_order
receipt-000019,superseded_version,source_version_order
receipt-000020,deleted_current,source_version_order
receipt-000021,selected_current,source_version_order
receipt-000022,selected_current,source_version_order
receipt-000023,selected_current,source_version_order
receipt-000024,repeated_snapshot,same_business_content
receipt-000025,selected_current,source_version_order
receipt-000026,quarantined,score_out_of_range
receipt-000027,quarantined,score_out_of_range
receipt-000028,quarantined,invalid_timestamp
receipt-000029,quarantined,invalid_identifier
receipt-000030,quarantined,missing_snapshot_children
receipt-000031,quarantined,conflicting_question_in_snapshot
receipt-000032,quarantined,empty_question_label
receipt-000033,quarantined,event_id_payload_conflict
receipt-000034,quarantined,event_id_payload_conflict
receipt-000035,superseded_version,source_version_order
receipt-000036,selected_current,source_version_order
receipt-000037,repeated_snapshot,same_business_content
receipt-000038,quarantined,score_out_of_range
receipt-000039,selected_current,source_version_order
receipt-000040,selected_current,source_version_order
receipt-000041,selected_current,source_version_order
receipt-000042,selected_current,source_version_order
receipt-000043,selected_current,source_version_order
receipt-000044,selected_current,source_version_order
receipt-000045,selected_current,source_version_order
receipt-000046,superseded_version,source_version_order
receipt-000047,selected_current,source_version_order
receipt-000048,selected_current,source_version_order
receipt-000049,selected_current,source_version_order
receipt-000050,repeated_snapshot,same_business_content
receipt-000051,selected_current,source_version_order
receipt-000052,selected_current,source_version_order
receipt-000053,selected_current,source_version_order
receipt-000054,selected_current,source_version_order
receipt-000055,selected_current,source_version_order
receipt-000056,superseded_version,source_version_order
receipt-000057,selected_current,source_version_order
receipt-000058,selected_current,source_version_order
receipt-000059,selected_current,source_version_order
receipt-000060,selected_current,source_version_order
receipt-000061,selected_current,source_version_order
receipt-000062,repeated_snapshot,same_business_content
receipt-000063,selected_current,source_version_order
receipt-000064,selected_current,source_version_order
receipt-000065,selected_current,source_version_order
receipt-000066,superseded_version,source_version_order
receipt-000067,selected_current,source_version_order
receipt-000068,selected_current,source_version_order
receipt-000069,selected_current,source_version_order
receipt-000070,selected_current,source_version_order
receipt-000071,selected_current,source_version_order
receipt-000072,selected_current,source_version_order
receipt-000073,selected_current,source_version_order
receipt-000074,repeated_snapshot,same_business_content
receipt-000075,selected_current,source_version_order
receipt-000076,superseded_version,source_version_order
receipt-000077,selected_current,source_version_order
receipt-000078,selected_current,source_version_order
receipt-000079,selected_current,source_version_order
receipt-000080,selected_current,source_version_order
receipt-000081,selected_current,source_version_order
receipt-000082,selected_current,source_version_order
receipt-000083,selected_current,source_version_order
receipt-000084,selected_current,source_version_order
receipt-000085,superseded_version,source_version_order
receipt-000086,selected_current,source_version_order
receipt-000087,repeated_snapshot,same_business_content
receipt-000088,selected_current,source_version_order
receipt-000089,selected_current,source_version_order
receipt-000090,selected_current,source_version_order
receipt-000091,selected_current,source_version_order
receipt-000092,selected_current,source_version_order
receipt-000093,selected_current,source_version_order
receipt-000094,selected_current,source_version_order
receipt-000095,superseded_version,source_version_order
receipt-000096,selected_current,source_version_order
receipt-000097,selected_current,source_version_order
receipt-000098,selected_current,source_version_order
receipt-000099,repeated_snapshot,same_business_content
receipt-000100,selected_current,source_version_order
receipt-000101,selected_current,source_version_order
receipt-000102,selected_current,source_version_order
receipt-000103,selected_current,source_version_order
receipt-000104,selected_current,source_version_order
receipt-000105,superseded_version,source_version_order
receipt-000106,selected_current,source_version_order
receipt-000107,selected_current,source_version_order
receipt-000108,selected_current,source_version_order
receipt-000109,selected_current,source_version_order
receipt-000110,selected_current,source_version_order
receipt-000111,repeated_snapshot,same_business_content
receipt-000112,quarantined,score_out_of_range
receipt-000113,selected_current,source_version_order
receipt-000114,selected_current,source_version_order
receipt-000115,selected_current,source_version_order
receipt-000116,superseded_version,source_version_order
receipt-000117,selected_current,source_version_order
receipt-000118,selected_current,source_version_order
receipt-000119,selected_current,source_version_order
receipt-000120,selected_current,source_version_order
receipt-000121,selected_current,source_version_order
receipt-000122,selected_current,source_version_order
receipt-000123,selected_current,source_version_order
receipt-000124,repeated_snapshot,same_business_content
receipt-000125,selected_current,source_version_order
receipt-000126,superseded_version,source_version_order
receipt-000127,selected_current,source_version_order
receipt-000128,selected_current,source_version_order
receipt-000129,selected_current,source_version_order
receipt-000130,selected_current,source_version_order
receipt-000131,selected_current,source_version_order
receipt-000132,selected_current,source_version_order
receipt-000133,selected_current,source_version_order
receipt-000134,selected_current,source_version_order
receipt-000135,superseded_version,source_version_order
receipt-000136,selected_current,source_version_order
receipt-000137,repeated_snapshot,same_business_content
receipt-000138,selected_current,source_version_order
receipt-000139,selected_current,source_version_order
receipt-000140,selected_current,source_version_order
receipt-000141,selected_current,source_version_order
receipt-000142,selected_current,source_version_order
receipt-000143,selected_current,source_version_order
receipt-000144,selected_current,source_version_order
receipt-000145,superseded_version,source_version_order
receipt-000146,selected_current,source_version_order
receipt-000147,selected_current,source_version_order
receipt-000148,selected_current,source_version_order
receipt-000149,repeated_snapshot,same_business_content
receipt-000150,selected_current,source_version_order
receipt-000151,selected_current,source_version_order
receipt-000152,selected_current,source_version_order
receipt-000153,selected_current,source_version_order
receipt-000154,selected_current,source_version_order
receipt-000155,superseded_version,source_version_order
receipt-000156,selected_current,source_version_order
receipt-000157,selected_current,source_version_order
receipt-000158,selected_current,source_version_order
receipt-000159,selected_current,source_version_order
receipt-000160,selected_current,source_version_order
receipt-000161,repeated_snapshot,same_business_content
receipt-000162,selected_current,source_version_order
receipt-000163,selected_current,source_version_order
receipt-000164,selected_current,source_version_order
receipt-000165,superseded_version,source_version_order
receipt-000166,selected_current,source_version_order
receipt-000167,selected_current,source_version_order
receipt-000168,selected_current,source_version_order
receipt-000169,selected_current,source_version_order
receipt-000170,selected_current,source_version_order
receipt-000171,selected_current,source_version_order
receipt-000172,selected_current,source_version_order
receipt-000173,repeated_snapshot,same_business_content
receipt-000174,selected_current,source_version_order
receipt-000175,superseded_version,source_version_order
receipt-000176,selected_current,source_version_order
receipt-000177,selected_current,source_version_order
receipt-000178,selected_current,source_version_order
receipt-000179,selected_current,source_version_order
receipt-000180,selected_current,source_version_order
receipt-000181,selected_current,source_version_order
receipt-000182,selected_current,source_version_order
receipt-000183,selected_current,source_version_order
receipt-000184,superseded_version,source_version_order
receipt-000185,selected_current,source_version_order
receipt-000186,repeated_snapshot,same_business_content
receipt-000187,quarantined,score_out_of_range
receipt-000188,selected_current,source_version_order
receipt-000189,selected_current,source_version_order
receipt-000190,selected_current,source_version_order
receipt-000191,selected_current,source_version_order
receipt-000192,selected_current,source_version_order
receipt-000193,selected_current,source_version_order
receipt-000194,selected_current,source_version_order
receipt-000195,superseded_version,source_version_order
receipt-000196,selected_current,source_version_order
receipt-000197,selected_current,source_version_order
receipt-000198,selected_current,source_version_order
receipt-000199,repeated_snapshot,same_business_content
receipt-000200,selected_current,source_version_order
receipt-000201,selected_current,source_version_order
receipt-000202,selected_current,source_version_order
receipt-000203,selected_current,source_version_order
receipt-000204,selected_current,source_version_order
receipt-000205,superseded_version,source_version_order
receipt-000206,selected_current,source_version_order
receipt-000207,selected_current,source_version_order
receipt-000208,selected_current,source_version_order
receipt-000209,selected_current,source_version_order
receipt-000210,selected_current,source_version_order
receipt-000211,repeated_snapshot,same_business_content
receipt-000212,selected_current,source_version_order
receipt-000213,selected_current,source_version_order
receipt-000214,selected_current,source_version_order
receipt-000215,superseded_version,source_version_order
receipt-000216,selected_current,source_version_order
receipt-000217,selected_current,source_version_order
receipt-000218,selected_current,source_version_order
receipt-000219,selected_current,source_version_order
receipt-000220,selected_current,source_version_order
receipt-000221,selected_current,source_version_order
receipt-000222,selected_current,source_version_order
receipt-000223,repeated_snapshot,same_business_content
receipt-000224,selected_current,source_version_order
receipt-000225,superseded_version,source_version_order
receipt-000226,selected_current,source_version_order
receipt-000227,selected_current,source_version_order
receipt-000228,selected_current,source_version_order
receipt-000229,selected_current,source_version_order
receipt-000230,selected_current,source_version_order
receipt-000231,selected_current,source_version_order
receipt-000232,selected_current,source_version_order
receipt-000233,selected_current,source_version_order
receipt-000234,superseded_version,source_version_order
receipt-000235,selected_current,source_version_order
receipt-000236,repeated_snapshot,same_business_content
receipt-000237,selected_current,source_version_order
receipt-000238,selected_current,source_version_order
receipt-000239,selected_current,source_version_order
receipt-000240,selected_current,source_version_order
receipt-000241,selected_current,source_version_order
receipt-000242,selected_current,source_version_order
receipt-000243,selected_current,source_version_order
receipt-000244,superseded_version,source_version_order
receipt-000245,selected_current,source_version_order
receipt-000246,selected_current,source_version_order
receipt-000247,selected_current,source_version_order
receipt-000248,repeated_snapshot,same_business_content
receipt-000249,selected_current,source_version_order
receipt-000250,selected_current,source_version_order
receipt-000251,selected_current,source_version_order
receipt-000252,selected_current,source_version_order
receipt-000253,selected_current,source_version_order
receipt-000254,superseded_version,source_version_order
receipt-000255,selected_current,source_version_order
receipt-000256,selected_current,source_version_order
receipt-000257,selected_current,source_version_order
receipt-000258,selected_current,source_version_order
receipt-000259,selected_current,source_version_order
receipt-000260,repeated_snapshot,same_business_content
receipt-000261,quarantined,score_out_of_range
receipt-000262,selected_current,source_version_order
receipt-000263,selected_current,source_version_order
receipt-000264,selected_current,source_version_order
receipt-000265,superseded_version,source_version_order
receipt-000266,selected_current,source_version_order
receipt-000267,selected_current,source_version_order
receipt-000268,selected_current,source_version_order
receipt-000269,selected_current,source_version_order
receipt-000270,selected_current,source_version_order
receipt-000271,selected_current,source_version_order
receipt-000272,selected_current,source_version_order
receipt-000273,repeated_snapshot,same_business_content
receipt-000274,selected_current,source_version_order
receipt-000275,superseded_version,source_version_order
receipt-000276,selected_current,source_version_order
receipt-000277,selected_current,source_version_order
receipt-000278,selected_current,source_version_order
receipt-000279,selected_current,source_version_order
receipt-000280,selected_current,source_version_order
receipt-000281,selected_current,source_version_order
receipt-000282,selected_current,source_version_order
receipt-000283,selected_current,source_version_order
receipt-000284,superseded_version,source_version_order
receipt-000285,selected_current,source_version_order
receipt-000286,repeated_snapshot,same_business_content
receipt-000287,selected_current,source_version_order
receipt-000288,selected_current,source_version_order
receipt-000289,selected_current,source_version_order
receipt-000290,selected_current,source_version_order
receipt-000291,selected_current,source_version_order
receipt-000292,selected_current,source_version_order
receipt-000293,selected_current,source_version_order
receipt-000294,superseded_version,source_version_order
receipt-000295,selected_current,source_version_order
receipt-000296,selected_current,source_version_order
receipt-000297,selected_current,source_version_order
receipt-000298,repeated_snapshot,same_business_content
receipt-000299,selected_current,source_version_order
receipt-000300,selected_current,source_version_order
receipt-000301,selected_current,source_version_order
receipt-000302,selected_current,source_version_order
receipt-000303,selected_current,source_version_order
receipt-000304,superseded_version,source_version_order
receipt-000305,selected_current,source_version_order
receipt-000306,selected_current,source_version_order
receipt-000307,selected_current,source_version_order
receipt-000308,selected_current,source_version_order
receipt-000309,selected_current,source_version_order
receipt-000310,repeated_snapshot,same_business_content
receipt-000311,selected_current,source_version_order
receipt-000312,selected_current,source_version_order
receipt-000313,selected_current,source_version_order
receipt-000314,superseded_version,source_version_order
receipt-000315,selected_current,source_version_order
receipt-000316,selected_current,source_version_order
receipt-000317,selected_current,source_version_order
receipt-000318,selected_current,source_version_order
receipt-000319,selected_current,source_version_order
receipt-000320,selected_current,source_version_order
receipt-000321,selected_current,source_version_order
receipt-000322,repeated_snapshot,same_business_content
receipt-000323,selected_current,source_version_order
receipt-000324,superseded_version,source_version_order
receipt-000325,selected_current,source_version_order
receipt-000326,selected_current,source_version_order
receipt-000327,selected_current,source_version_order
receipt-000328,selected_current,source_version_order
receipt-000329,selected_current,source_version_order
receipt-000330,selected_current,source_version_order
receipt-000331,selected_current,source_version_order
receipt-000332,selected_current,source_version_order
receipt-000333,superseded_version,source_version_order
receipt-000334,selected_current,source_version_order
receipt-000335,repeated_snapshot,same_business_content
receipt-000336,quarantined,score_out_of_range
receipt-000337,selected_current,source_version_order
receipt-000338,selected_current,source_version_order
receipt-000339,selected_current,source_version_order
receipt-000340,selected_current,source_version_order
receipt-000341,selected_current,source_version_order
receipt-000342,selected_current,source_version_order
receipt-000343,selected_current,source_version_order
receipt-000344,superseded_version,source_version_order
receipt-000345,selected_current,source_version_order
receipt-000346,selected_current,source_version_order
receipt-000347,selected_current,source_version_order
receipt-000348,repeated_snapshot,same_business_content
receipt-000349,selected_current,source_version_order
receipt-000350,selected_current,source_version_order
receipt-000351,selected_current,source_version_order
receipt-000352,selected_current,source_version_order
receipt-000353,selected_current,source_version_order
receipt-000354,superseded_version,source_version_order
receipt-000355,selected_current,source_version_order
receipt-000356,selected_current,source_version_order
receipt-000357,selected_current,source_version_order
receipt-000358,selected_current,source_version_order
receipt-000359,selected_current,source_version_order
receipt-000360,repeated_snapshot,same_business_content
receipt-000361,selected_current,source_version_order
receipt-000362,selected_current,source_version_order
receipt-000363,selected_current,source_version_order
receipt-000364,superseded_version,source_version_order
receipt-000365,selected_current,source_version_order
receipt-000366,selected_current,source_version_order
receipt-000367,selected_current,source_version_order
receipt-000368,selected_current,source_version_order
receipt-000369,selected_current,source_version_order
receipt-000370,selected_current,source_version_order
receipt-000371,selected_current,source_version_order
receipt-000372,repeated_snapshot,same_business_content
receipt-000373,selected_current,source_version_order
receipt-000374,superseded_version,source_version_order
receipt-000375,selected_current,source_version_order
receipt-000376,selected_current,source_version_order
receipt-000377,selected_current,source_version_order
receipt-000378,selected_current,source_version_order
receipt-000379,selected_current,source_version_order
receipt-000380,selected_current,source_version_order
receipt-000381,selected_current,source_version_order
receipt-000382,selected_current,source_version_order
receipt-000383,superseded_version,source_version_order
receipt-000384,selected_current,source_version_order
receipt-000385,repeated_snapshot,same_business_content
receipt-000386,selected_current,source_version_order
receipt-000387,selected_current,source_version_order
receipt-000388,selected_current,source_version_order
receipt-000389,selected_current,source_version_order
receipt-000390,selected_current,source_version_order
receipt-000391,selected_current,source_version_order
receipt-000392,selected_current,source_version_order
receipt-000393,superseded_version,source_version_order
receipt-000394,selected_current,source_version_order
receipt-000395,selected_current,source_version_order
receipt-000396,selected_current,source_version_order
receipt-000397,repeated_snapshot,same_business_content
receipt-000398,selected_current,source_version_order
receipt-000399,selected_current,source_version_order
receipt-000400,selected_current,source_version_order
receipt-000401,selected_current,source_version_order
receipt-000402,selected_current,source_version_order
receipt-000403,superseded_version,source_version_order
receipt-000404,selected_current,source_version_order
receipt-000405,selected_current,source_version_order
receipt-000406,selected_current,source_version_order
receipt-000407,selected_current,source_version_order
receipt-000408,selected_current,source_version_order
receipt-000409,repeated_snapshot,same_business_content
receipt-000410,quarantined,score_out_of_range
receipt-000411,selected_current,source_version_order
receipt-000412,selected_current,source_version_order
receipt-000413,selected_current,source_version_order
receipt-000414,superseded_version,source_version_order
receipt-000415,selected_current,source_version_order
receipt-000416,selected_current,source_version_order
receipt-000417,selected_current,source_version_order
receipt-000418,selected_current,source_version_order
receipt-000419,selected_current,source_version_order
receipt-000420,selected_current,source_version_order
receipt-000421,selected_current,source_version_order
receipt-000422,repeated_snapshot,same_business_content
receipt-000423,selected_current,source_version_order
receipt-000424,superseded_version,source_version_order
receipt-000425,selected_current,source_version_order
receipt-000426,selected_current,source_version_order
receipt-000427,selected_current,source_version_order
receipt-000428,selected_current,source_version_order
receipt-000429,selected_current,source_version_order
receipt-000430,selected_current,source_version_order
receipt-000431,selected_current,source_version_order
receipt-000432,selected_current,source_version_order
receipt-000433,superseded_version,source_version_order
receipt-000434,selected_current,source_version_order
receipt-000435,repeated_snapshot,same_business_content
receipt-000436,selected_current,source_version_order
receipt-000437,selected_current,source_version_order
receipt-000438,selected_current,source_version_order
receipt-000439,selected_current,source_version_order
receipt-000440,selected_current,source_version_order
receipt-000441,selected_current,source_version_order
receipt-000442,selected_current,source_version_order
receipt-000443,superseded_version,source_version_order
receipt-000444,selected_current,source_version_order
receipt-000445,selected_current,source_version_order
receipt-000446,selected_current,source_version_order
receipt-000447,repeated_snapshot,same_business_content
receipt-000448,selected_current,source_version_order
receipt-000449,selected_current,source_version_order
receipt-000450,selected_current,source_version_order
receipt-000451,selected_current,source_version_order
receipt-000452,selected_current,source_version_order
receipt-000453,superseded_version,source_version_order
receipt-000454,selected_current,source_version_order
receipt-000455,selected_current,source_version_order
receipt-000456,selected_current,source_version_order
receipt-000457,selected_current,source_version_order
receipt-000458,selected_current,source_version_order
receipt-000459,repeated_snapshot,same_business_content
receipt-000460,selected_current,source_version_order
receipt-000461,selected_current,source_version_order
receipt-000462,selected_current,source_version_order
receipt-000463,superseded_version,source_version_order
receipt-000464,selected_current,source_version_order
receipt-000465,selected_current,source_version_order
receipt-000466,selected_current,source_version_order
receipt-000467,selected_current,source_version_order
receipt-000468,selected_current,source_version_order
receipt-000469,selected_current,source_version_order
receipt-000470,selected_current,source_version_order
receipt-000471,repeated_snapshot,same_business_content
receipt-000472,selected_current,source_version_order
receipt-000473,superseded_version,source_version_order
receipt-000474,selected_current,source_version_order
receipt-000475,selected_current,source_version_order
receipt-000476,selected_current,source_version_order
receipt-000477,selected_current,source_version_order
receipt-000478,selected_current,source_version_order
receipt-000479,selected_current,source_version_order
receipt-000480,selected_current,source_version_order
receipt-000481,selected_current,source_version_order
receipt-000482,superseded_version,source_version_order
receipt-000483,selected_current,source_version_order
receipt-000484,repeated_snapshot,same_business_content
receipt-000485,quarantined,score_out_of_range
receipt-000486,selected_current,source_version_order
receipt-000487,selected_current,source_version_order
receipt-000488,selected_current,source_version_order
receipt-000489,selected_current,source_version_order
receipt-000490,selected_current,source_version_order
receipt-000491,selected_current,source_version_order
receipt-000492,selected_current,source_version_order
receipt-000493,superseded_version,source_version_order
receipt-000494,selected_current,source_version_order
receipt-000495,selected_current,source_version_order
receipt-000496,selected_current,source_version_order
receipt-000497,repeated_snapshot,same_business_content
receipt-000498,selected_current,source_version_order
receipt-000499,selected_current,source_version_order
receipt-000500,selected_current,source_version_order
receipt-000501,selected_current,source_version_order
receipt-000502,selected_current,source_version_order
receipt-000503,superseded_version,source_version_order
receipt-000504,selected_current,source_version_order
receipt-000505,selected_current,source_version_order
receipt-000506,selected_current,source_version_order
receipt-000507,selected_current,source_version_order
receipt-000508,selected_current,source_version_order
receipt-000509,repeated_snapshot,same_business_content
receipt-000510,selected_current,source_version_order
receipt-000511,selected_current,source_version_order
receipt-000512,selected_current,source_version_order
receipt-000513,superseded_version,source_version_order
receipt-000514,selected_current,source_version_order
receipt-000515,selected_current,source_version_order
receipt-000516,selected_current,source_version_order
receipt-000517,selected_current,source_version_order
receipt-000518,selected_current,source_version_order
receipt-000519,selected_current,source_version_order
receipt-000520,selected_current,source_version_order
receipt-000521,repeated_snapshot,same_business_content
receipt-000522,selected_current,source_version_order
receipt-000523,superseded_version,source_version_order
receipt-000524,selected_current,source_version_order
receipt-000525,selected_current,source_version_order
receipt-000526,selected_current,source_version_order
receipt-000527,selected_current,source_version_order
receipt-000528,selected_current,source_version_order
receipt-000529,selected_current,source_version_order
receipt-000530,selected_current,source_version_order
receipt-000531,selected_current,source_version_order
receipt-000532,superseded_version,source_version_order
receipt-000533,selected_current,source_version_order
receipt-000534,repeated_snapshot,same_business_content
receipt-000535,selected_current,source_version_order
receipt-000536,selected_current,source_version_order
receipt-000537,selected_current,source_version_order
receipt-000538,selected_current,source_version_order
receipt-000539,selected_current,source_version_order
receipt-000540,selected_current,source_version_order
receipt-000541,selected_current,source_version_order
receipt-000542,superseded_version,source_version_order
receipt-000543,selected_current,source_version_order
receipt-000544,selected_current,source_version_order
receipt-000545,selected_current,source_version_order
receipt-000546,repeated_snapshot,same_business_content
receipt-000547,selected_current,source_version_order
receipt-000548,selected_current,source_version_order
receipt-000549,selected_current,source_version_order
receipt-000550,selected_current,source_version_order
receipt-000551,selected_current,source_version_order
receipt-000552,superseded_version,source_version_order
receipt-000553,selected_current,source_version_order
receipt-000554,selected_current,source_version_order
receipt-000555,selected_current,source_version_order
receipt-000556,selected_current,source_version_order
receipt-000557,selected_current,source_version_order
receipt-000558,repeated_snapshot,same_business_content
receipt-000559,quarantined,score_out_of_range
receipt-000560,selected_current,source_version_order
receipt-000561,selected_current,source_version_order
receipt-000562,selected_current,source_version_order
receipt-000563,superseded_version,source_version_order
receipt-000564,selected_current,source_version_order
receipt-000565,selected_current,source_version_order
receipt-000566,selected_current,source_version_order
receipt-000567,selected_current,source_version_order
receipt-000568,selected_current,source_version_order
receipt-000569,selected_current,source_version_order
receipt-000570,selected_current,source_version_order
receipt-000571,repeated_snapshot,same_business_content
receipt-000572,selected_current,source_version_order
receipt-000573,superseded_version,source_version_order
receipt-000574,selected_current,source_version_order
receipt-000575,selected_current,source_version_order
receipt-000576,selected_current,source_version_order
receipt-000577,selected_current,source_version_order
receipt-000578,selected_current,source_version_order
receipt-000579,selected_current,source_version_order
receipt-000580,selected_current,source_version_order
receipt-000581,selected_current,source_version_order
receipt-000582,superseded_version,source_version_order
receipt-000583,selected_current,source_version_order
receipt-000584,repeated_snapshot,same_business_content
receipt-000585,selected_current,source_version_order
receipt-000586,selected_current,source_version_order
receipt-000587,selected_current,source_version_order
receipt-000588,selected_current,source_version_order
receipt-000589,selected_current,source_version_order
receipt-000590,selected_current,source_version_order
receipt-000591,selected_current,source_version_order
receipt-000592,superseded_version,source_version_order
receipt-000593,selected_current,source_version_order
receipt-000594,selected_current,source_version_order
receipt-000595,selected_current,source_version_order
receipt-000596,repeated_snapshot,same_business_content
receipt-000597,selected_current,source_version_order
receipt-000598,selected_current,source_version_order
receipt-000599,selected_current,source_version_order
receipt-000600,selected_current,source_version_order
receipt-000601,selected_current,source_version_order
receipt-000602,superseded_version,source_version_order
receipt-000603,selected_current,source_version_order
receipt-000604,selected_current,source_version_order
receipt-000605,selected_current,source_version_order
receipt-000606,selected_current,source_version_order
receipt-000607,selected_current,source_version_order
receipt-000608,repeated_snapshot,same_business_content
receipt-000609,selected_current,source_version_order
receipt-000610,selected_current,source_version_order
receipt-000611,selected_current,source_version_order
receipt-000612,superseded_version,source_version_order
receipt-000613,selected_current,source_version_order
receipt-000614,selected_current,source_version_order
receipt-000615,selected_current,source_version_order
receipt-000616,selected_current,source_version_order
receipt-000617,selected_current,source_version_order
receipt-000618,selected_current,source_version_order
receipt-000619,selected_current,source_version_order
receipt-000620,repeated_snapshot,same_business_content
receipt-000621,selected_current,source_version_order
receipt-000622,superseded_version,source_version_order
receipt-000623,selected_current,source_version_order
receipt-000624,selected_current,source_version_order
receipt-000625,selected_current,source_version_order
receipt-000626,selected_current,source_version_order
receipt-000627,selected_current,source_version_order
receipt-000628,selected_current,source_version_order
receipt-000629,selected_current,source_version_order
receipt-000630,selected_current,source_version_order
receipt-000631,superseded_version,source_version_order
receipt-000632,selected_current,source_version_order
receipt-000633,repeated_snapshot,same_business_content
receipt-000634,quarantined,score_out_of_range
receipt-000635,selected_current,source_version_order
receipt-000636,selected_current,source_version_order
receipt-000637,selected_current,source_version_order
receipt-000638,selected_current,source_version_order
receipt-000639,selected_current,source_version_order
receipt-000640,selected_current,source_version_order
receipt-000641,selected_current,source_version_order
receipt-000642,superseded_version,source_version_order
receipt-000643,selected_current,source_version_order
receipt-000644,selected_current,source_version_order
receipt-000645,selected_current,source_version_order
receipt-000646,repeated_snapshot,same_business_content
receipt-000647,selected_current,source_version_order
receipt-000648,selected_current,source_version_order
receipt-000649,selected_current,source_version_order
receipt-000650,selected_current,source_version_order
receipt-000651,selected_current,source_version_order
receipt-000652,superseded_version,source_version_order
receipt-000653,selected_current,source_version_order
receipt-000654,selected_current,source_version_order
receipt-000655,selected_current,source_version_order
receipt-000656,selected_current,source_version_order
receipt-000657,selected_current,source_version_order
receipt-000658,repeated_snapshot,same_business_content
receipt-000659,selected_current,source_version_order
receipt-000660,selected_current,source_version_order
receipt-000661,selected_current,source_version_order
receipt-000662,superseded_version,source_version_order
receipt-000663,selected_current,source_version_order
receipt-000664,selected_current,source_version_order
receipt-000665,selected_current,source_version_order
receipt-000666,selected_current,source_version_order
receipt-000667,selected_current,source_version_order
receipt-000668,selected_current,source_version_order
receipt-000669,selected_current,source_version_order
receipt-000670,repeated_snapshot,same_business_content
receipt-000671,selected_current,source_version_order
receipt-000672,superseded_version,source_version_order
receipt-000673,selected_current,source_version_order
receipt-000674,selected_current,source_version_order
receipt-000675,selected_current,source_version_order
receipt-000676,selected_current,source_version_order
receipt-000677,selected_current,source_version_order
receipt-000678,selected_current,source_version_order
receipt-000679,selected_current,source_version_order
receipt-000680,selected_current,source_version_order
receipt-000681,superseded_version,source_version_order
receipt-000682,selected_current,source_version_order
receipt-000683,repeated_snapshot,same_business_content
receipt-000684,selected_current,source_version_order
receipt-000685,selected_current,source_version_order
receipt-000686,selected_current,source_version_order
receipt-000687,selected_current,source_version_order
receipt-000688,selected_current,source_version_order
receipt-000689,selected_current,source_version_order
receipt-000690,selected_current,source_version_order
receipt-000691,superseded_version,source_version_order
receipt-000692,selected_current,source_version_order
receipt-000693,selected_current,source_version_order
receipt-000694,selected_current,source_version_order
receipt-000695,repeated_snapshot,same_business_content
receipt-000696,selected_current,source_version_order
receipt-000697,selected_current,source_version_order
receipt-000698,selected_current,source_version_order
receipt-000699,selected_current,source_version_order
receipt-000700,selected_current,source_version_order
receipt-000701,superseded_version,source_version_order
receipt-000702,selected_current,source_version_order
receipt-000703,selected_current,source_version_order
receipt-000704,selected_current,source_version_order
receipt-000705,selected_current,source_version_order
receipt-000706,selected_current,source_version_order
receipt-000707,repeated_snapshot,same_business_content
receipt-000708,quarantined,score_out_of_range
receipt-000709,selected_current,source_version_order
receipt-000710,selected_current,source_version_order
receipt-000711,selected_current,source_version_order
receipt-000712,superseded_version,source_version_order
receipt-000713,selected_current,source_version_order
receipt-000714,selected_current,source_version_order
receipt-000715,selected_current,source_version_order
receipt-000716,selected_current,source_version_order
receipt-000717,selected_current,source_version_order
receipt-000718,selected_current,source_version_order
receipt-000719,selected_current,source_version_order
receipt-000720,repeated_snapshot,same_business_content
receipt-000721,selected_current,source_version_order
receipt-000722,superseded_version,source_version_order
receipt-000723,selected_current,source_version_order
receipt-000724,selected_current,source_version_order
receipt-000725,selected_current,source_version_order
receipt-000726,selected_current,source_version_order
receipt-000727,selected_current,source_version_order
receipt-000728,selected_current,source_version_order
receipt-000729,selected_current,source_version_order
receipt-000730,selected_current,source_version_order
receipt-000731,superseded_version,source_version_order
receipt-000732,selected_current,source_version_order
receipt-000733,repeated_snapshot,same_business_content
receipt-000734,selected_current,source_version_order
receipt-000735,selected_current,source_version_order
receipt-000736,selected_current,source_version_order
receipt-000737,selected_current,source_version_order
receipt-000738,selected_current,source_version_order
receipt-000739,selected_current,source_version_order
receipt-000740,selected_current,source_version_order
receipt-000741,superseded_version,source_version_order
receipt-000742,selected_current,source_version_order
receipt-000743,selected_current,source_version_order
receipt-000744,selected_current,source_version_order
receipt-000745,repeated_snapshot,same_business_content
receipt-000746,selected_current,source_version_order
receipt-000747,selected_current,source_version_order
receipt-000748,selected_current,source_version_order
receipt-000749,selected_current,source_version_order
receipt-000750,selected_current,source_version_order
receipt-000751,superseded_version,source_version_order
receipt-000752,selected_current,source_version_order
receipt-000753,selected_current,source_version_order
receipt-000754,selected_current,source_version_order
receipt-000755,selected_current,source_version_order
receipt-000756,selected_current,source_version_order
receipt-000757,repeated_snapshot,same_business_content
receipt-000758,selected_current,source_version_order
receipt-000759,selected_current,source_version_order
receipt-000760,selected_current,source_version_order
receipt-000761,superseded_version,source_version_order
receipt-000762,selected_current,source_version_order
receipt-000763,selected_current,source_version_order
receipt-000764,selected_current,source_version_order
receipt-000765,selected_current,source_version_order
receipt-000766,selected_current,source_version_order
receipt-000767,selected_current,source_version_order
receipt-000768,selected_current,source_version_order
receipt-000769,repeated_snapshot,same_business_content
receipt-000770,selected_current,source_version_order
receipt-000771,superseded_version,source_version_order
receipt-000772,selected_current,source_version_order
receipt-000773,selected_current,source_version_order
receipt-000774,selected_current,source_version_order
receipt-000775,selected_current,source_version_order
receipt-000776,selected_current,source_version_order
receipt-000777,selected_current,source_version_order
receipt-000778,selected_current,source_version_order
receipt-000779,selected_current,source_version_order
receipt-000780,superseded_version,source_version_order
receipt-000781,selected_current,source_version_order
receipt-000782,repeated_snapshot,same_business_content
receipt-000783,quarantined,score_out_of_range
receipt-000784,selected_current,source_version_order
receipt-000785,selected_current,source_version_order
receipt-000786,selected_current,source_version_order
receipt-000787,selected_current,source_version_order
receipt-000788,selected_current,source_version_order
receipt-000789,selected_current,source_version_order
receipt-000790,selected_current,source_version_order
receipt-000791,superseded_version,source_version_order
receipt-000792,selected_current,source_version_order
receipt-000793,selected_current,source_version_order
receipt-000794,selected_current,source_version_order
receipt-000795,repeated_snapshot,same_business_content
receipt-000796,selected_current,source_version_order
receipt-000797,selected_current,source_version_order
receipt-000798,selected_current,source_version_order
receipt-000799,selected_current,source_version_order
receipt-000800,selected_current,source_version_order
receipt-000801,superseded_version,source_version_order
receipt-000802,selected_current,source_version_order
receipt-000803,selected_current,source_version_order
receipt-000804,selected_current,source_version_order
receipt-000805,selected_current,source_version_order
receipt-000806,selected_current,source_version_order
receipt-000807,repeated_snapshot,same_business_content
receipt-000808,selected_current,source_version_order
receipt-000809,selected_current,source_version_order
receipt-000810,selected_current,source_version_order
receipt-000811,superseded_version,source_version_order
receipt-000812,selected_current,source_version_order
receipt-000813,selected_current,source_version_order
receipt-000814,selected_current,source_version_order
receipt-000815,selected_current,source_version_order
receipt-000816,selected_current,source_version_order
receipt-000817,selected_current,source_version_order
receipt-000818,selected_current,source_version_order
receipt-000819,repeated_snapshot,same_business_content
receipt-000820,selected_current,source_version_order
receipt-000821,superseded_version,source_version_order
receipt-000822,selected_current,source_version_order
receipt-000823,selected_current,source_version_order
receipt-000824,selected_current,source_version_order
receipt-000825,selected_current,source_version_order
receipt-000826,selected_current,source_version_order
receipt-000827,selected_current,source_version_order
receipt-000828,selected_current,source_version_order
receipt-000829,selected_current,source_version_order
receipt-000830,superseded_version,source_version_order
receipt-000831,selected_current,source_version_order
receipt-000832,repeated_snapshot,same_business_content
receipt-000833,selected_current,source_version_order
receipt-000834,selected_current,source_version_order
receipt-000835,selected_current,source_version_order
receipt-000836,selected_current,source_version_order
receipt-000837,selected_current,source_version_order
receipt-000838,selected_current,source_version_order
receipt-000839,selected_current,source_version_order
receipt-000840,superseded_version,source_version_order
receipt-000841,selected_current,source_version_order
receipt-000842,selected_current,source_version_order
receipt-000843,selected_current,source_version_order
receipt-000844,repeated_snapshot,same_business_content
receipt-000845,selected_current,source_version_order
receipt-000846,selected_current,source_version_order
receipt-000847,selected_current,source_version_order
receipt-000848,selected_current,source_version_order
receipt-000849,selected_current,source_version_order
receipt-000850,superseded_version,source_version_order
receipt-000851,selected_current,source_version_order
receipt-000852,selected_current,source_version_order
receipt-000853,selected_current,source_version_order
receipt-000854,selected_current,source_version_order
receipt-000855,selected_current,source_version_order
receipt-000856,repeated_snapshot,same_business_content
receipt-000857,quarantined,score_out_of_range
receipt-000858,selected_current,source_version_order
receipt-000859,selected_current,source_version_order
receipt-000860,selected_current,source_version_order
receipt-000861,superseded_version,source_version_order
receipt-000862,selected_current,source_version_order
receipt-000863,selected_current,source_version_order
receipt-000864,selected_current,source_version_order
receipt-000865,selected_current,source_version_order
receipt-000866,selected_current,source_version_order
receipt-000867,selected_current,source_version_order
receipt-000868,selected_current,source_version_order
receipt-000869,repeated_snapshot,same_business_content
receipt-000870,selected_current,source_version_order
receipt-000871,superseded_version,source_version_order
receipt-000872,selected_current,source_version_order
receipt-000873,selected_current,source_version_order
receipt-000874,selected_current,source_version_order
receipt-000875,selected_current,source_version_order
receipt-000876,selected_current,source_version_order
receipt-000877,selected_current,source_version_order
receipt-000878,selected_current,source_version_order
receipt-000879,selected_current,source_version_order
receipt-000880,superseded_version,source_version_order
receipt-000881,selected_current,source_version_order
receipt-000882,repeated_snapshot,same_business_content
receipt-000883,selected_current,source_version_order
receipt-000884,selected_current,source_version_order
receipt-000885,selected_current,source_version_order
receipt-000886,selected_current,source_version_order
receipt-000887,selected_current,source_version_order
receipt-000888,selected_current,source_version_order
receipt-000889,selected_current,source_version_order
receipt-000890,superseded_version,source_version_order
receipt-000891,selected_current,source_version_order
receipt-000892,selected_current,source_version_order
receipt-000893,selected_current,source_version_order
receipt-000894,repeated_snapshot,same_business_content
receipt-000895,selected_current,source_version_order
receipt-000896,selected_current,source_version_order
receipt-000897,selected_current,source_version_order
receipt-000898,selected_current,source_version_order
receipt-000899,selected_current,source_version_order
receipt-000900,superseded_version,source_version_order
receipt-000901,selected_current,source_version_order
receipt-000902,selected_current,source_version_order
receipt-000903,selected_current,source_version_order
receipt-000904,selected_current,source_version_order
receipt-000905,selected_current,source_version_order
receipt-000906,repeated_snapshot,same_business_content
receipt-000907,selected_current,source_version_order
receipt-000908,selected_current,source_version_order
receipt-000909,selected_current,source_version_order
receipt-000910,superseded_version,source_version_order
receipt-000911,selected_current,source_version_order
receipt-000912,selected_current,source_version_order
receipt-000913,selected_current,source_version_order
receipt-000914,selected_current,source_version_order
receipt-000915,selected_current,source_version_order
receipt-000916,selected_current,source_version_order
receipt-000917,selected_current,source_version_order
receipt-000918,repeated_snapshot,same_business_content
receipt-000919,selected_current,source_version_order
receipt-000920,superseded_version,source_version_order
receipt-000921,selected_current,source_version_order
receipt-000922,selected_current,source_version_order
receipt-000923,selected_current,source_version_order
receipt-000924,selected_current,source_version_order
receipt-000925,selected_current,source_version_order
receipt-000926,selected_current,source_version_order
receipt-000927,selected_current,source_version_order
receipt-000928,selected_current,source_version_order
receipt-000929,superseded_version,source_version_order
receipt-000930,selected_current,source_version_order
receipt-000931,repeated_snapshot,same_business_content
receipt-000932,quarantined,score_out_of_range
receipt-000933,selected_current,source_version_order
receipt-000934,selected_current,source_version_order
receipt-000935,selected_current,source_version_order
receipt-000936,selected_current,source_version_order
receipt-000937,selected_current,source_version_order
receipt-000938,selected_current,source_version_order
receipt-000939,selected_current,source_version_order
receipt-000940,superseded_version,source_version_order
receipt-000941,selected_current,source_version_order
receipt-000942,selected_current,source_version_order
receipt-000943,selected_current,source_version_order
receipt-000944,repeated_snapshot,same_business_content
receipt-000945,selected_current,source_version_order
receipt-000946,selected_current,source_version_order
receipt-000947,selected_current,source_version_order
receipt-000948,selected_current,source_version_order
receipt-000949,selected_current,source_version_order
receipt-000950,superseded_version,source_version_order
receipt-000951,selected_current,source_version_order
receipt-000952,selected_current,source_version_order
receipt-000953,selected_current,source_version_order
receipt-000954,selected_current,source_version_order
receipt-000955,selected_current,source_version_order
receipt-000956,repeated_snapshot,same_business_content
receipt-000957,selected_current,source_version_order
receipt-000958,selected_current,source_version_order
receipt-000959,selected_current,source_version_order
receipt-000960,superseded_version,source_version_order
receipt-000961,selected_current,source_version_order
receipt-000962,selected_current,source_version_order
receipt-000963,selected_current,source_version_order
receipt-000964,selected_current,source_version_order
receipt-000965,selected_current,source_version_order
receipt-000966,selected_current,source_version_order
receipt-000967,selected_current,source_version_order
receipt-000968,repeated_snapshot,same_business_content
receipt-000969,selected_current,source_version_order
receipt-000970,superseded_version,source_version_order
receipt-000971,selected_current,source_version_order
receipt-000972,selected_current,source_version_order
receipt-000973,selected_current,source_version_order
receipt-000974,selected_current,source_version_order
receipt-000975,selected_current,source_version_order
receipt-000976,selected_current,source_version_order
receipt-000977,selected_current,source_version_order
receipt-000978,selected_current,source_version_order
receipt-000979,superseded_version,source_version_order
receipt-000980,selected_current,source_version_order
receipt-000981,repeated_snapshot,same_business_content
receipt-000982,selected_current,source_version_order
receipt-000983,selected_current,source_version_order
receipt-000984,selected_current,source_version_order
receipt-000985,selected_current,source_version_order
receipt-000986,selected_current,source_version_order
receipt-000987,selected_current,source_version_order
receipt-000988,selected_current,source_version_order
receipt-000989,superseded_version,source_version_order
receipt-000990,selected_current,source_version_order
receipt-000991,selected_current,source_version_order
receipt-000992,selected_current,source_version_order
receipt-000993,repeated_snapshot,same_business_content
receipt-000994,selected_current,source_version_order
receipt-000995,selected_current,source_version_order
receipt-000996,selected_current,source_version_order
receipt-000997,selected_current,source_version_order
receipt-000998,selected_current,source_version_order
receipt-000999,superseded_version,source_version_order
receipt-001000,selected_current,source_version_order
receipt-001001,selected_current,source_version_order
receipt-001002,selected_current,source_version_order
receipt-001003,selected_current,source_version_order
receipt-001004,selected_current,source_version_order
receipt-001005,repeated_snapshot,same_business_content
receipt-001006,quarantined,score_out_of_range
receipt-001007,selected_current,source_version_order
receipt-001008,selected_current,source_version_order
receipt-001009,selected_current,source_version_order
receipt-001010,superseded_version,source_version_order
receipt-001011,selected_current,source_version_order
receipt-001012,selected_current,source_version_order
receipt-001013,selected_current,source_version_order
receipt-001014,selected_current,source_version_order
receipt-001015,selected_current,source_version_order
receipt-001016,selected_current,source_version_order
receipt-001017,selected_current,source_version_order
receipt-001018,repeated_snapshot,same_business_content
receipt-001019,selected_current,source_version_order
receipt-001020,superseded_version,source_version_order
receipt-001021,selected_current,source_version_order
receipt-001022,selected_current,source_version_order
receipt-001023,selected_current,source_version_order
receipt-001024,selected_current,source_version_order
receipt-001025,selected_current,source_version_order
receipt-001026,selected_current,source_version_order
receipt-001027,selected_current,source_version_order
receipt-001028,selected_current,source_version_order
receipt-001029,superseded_version,source_version_order
receipt-001030,selected_current,source_version_order
receipt-001031,repeated_snapshot,same_business_content
receipt-001032,selected_current,source_version_order
receipt-001033,selected_current,source_version_order
receipt-001034,selected_current,source_version_order
receipt-001035,selected_current,source_version_order
receipt-001036,selected_current,source_version_order
receipt-001037,selected_current,source_version_order
receipt-001038,selected_current,source_version_order
receipt-001039,superseded_version,source_version_order
receipt-001040,selected_current,source_version_order
receipt-001041,selected_current,source_version_order
receipt-001042,selected_current,source_version_order
receipt-001043,repeated_snapshot,same_business_content
receipt-001044,selected_current,source_version_order
receipt-001045,selected_current,source_version_order
receipt-001046,selected_current,source_version_order
receipt-001047,selected_current,source_version_order
receipt-001048,selected_current,source_version_order
receipt-001049,superseded_version,source_version_order
receipt-001050,selected_current,source_version_order
receipt-001051,selected_current,source_version_order
receipt-001052,selected_current,source_version_order
receipt-001053,selected_current,source_version_order
receipt-001054,selected_current,source_version_order
receipt-001055,repeated_snapshot,same_business_content
receipt-001056,selected_current,source_version_order
receipt-001057,selected_current,source_version_order
receipt-001058,selected_current,source_version_order
receipt-001059,superseded_version,source_version_order
receipt-001060,selected_current,source_version_order
receipt-001061,selected_current,source_version_order
receipt-001062,selected_current,source_version_order
receipt-001063,selected_current,source_version_order
receipt-001064,selected_current,source_version_order
receipt-001065,selected_current,source_version_order
receipt-001066,selected_current,source_version_order
receipt-001067,repeated_snapshot,same_business_content
receipt-001068,selected_current,source_version_order
receipt-001069,superseded_version,source_version_order
receipt-001070,selected_current,source_version_order
receipt-001071,selected_current,source_version_order
receipt-001072,selected_current,source_version_order
receipt-001073,selected_current,source_version_order
receipt-001074,selected_current,source_version_order
receipt-001075,selected_current,source_version_order
receipt-001076,selected_current,source_version_order
receipt-001077,selected_current,source_version_order
receipt-001078,superseded_version,source_version_order
receipt-001079,selected_current,source_version_order
receipt-001080,repeated_snapshot,same_business_content
receipt-001081,quarantined,score_out_of_range
receipt-001082,selected_current,source_version_order
receipt-001083,selected_current,source_version_order
receipt-001084,selected_current,source_version_order
receipt-001085,selected_current,source_version_order
receipt-001086,selected_current,source_version_order
receipt-001087,selected_current,source_version_order
receipt-001088,selected_current,source_version_order
receipt-001089,superseded_version,source_version_order
receipt-001090,selected_current,source_version_order
receipt-001091,selected_current,source_version_order
receipt-001092,selected_current,source_version_order
receipt-001093,repeated_snapshot,same_business_content
receipt-001094,selected_current,source_version_order
receipt-001095,selected_current,source_version_order
receipt-001096,selected_current,source_version_order
receipt-001097,selected_current,source_version_order
receipt-001098,selected_current,source_version_order
receipt-001099,superseded_version,source_version_order
receipt-001100,selected_current,source_version_order
receipt-001101,selected_current,source_version_order
receipt-001102,selected_current,source_version_order
receipt-001103,selected_current,source_version_order
receipt-001104,selected_current,source_version_order
receipt-001105,repeated_snapshot,same_business_content
receipt-001106,selected_current,source_version_order
receipt-001107,selected_current,source_version_order
receipt-001108,selected_current,source_version_order
receipt-001109,superseded_version,source_version_order
receipt-001110,selected_current,source_version_order
receipt-001111,selected_current,source_version_order
receipt-001112,selected_current,source_version_order
receipt-001113,selected_current,source_version_order
receipt-001114,selected_current,source_version_order
receipt-001115,selected_current,source_version_order
receipt-001116,selected_current,source_version_order
receipt-001117,repeated_snapshot,same_business_content
receipt-001118,selected_current,source_version_order
receipt-001119,superseded_version,source_version_order
receipt-001120,selected_current,source_version_order
receipt-001121,selected_current,source_version_order
receipt-001122,selected_current,source_version_order
receipt-001123,selected_current,source_version_order
receipt-001124,selected_current,source_version_order
receipt-001125,selected_current,source_version_order
receipt-001126,selected_current,source_version_order
receipt-001127,selected_current,source_version_order
receipt-001128,superseded_version,source_version_order
receipt-001129,selected_current,source_version_order
receipt-001130,repeated_snapshot,same_business_content
receipt-001131,selected_current,source_version_order
receipt-001132,selected_current,source_version_order
receipt-001133,selected_current,source_version_order
receipt-001134,selected_current,source_version_order
receipt-001135,selected_current,source_version_order
receipt-001136,selected_current,source_version_order
receipt-001137,selected_current,source_version_order
receipt-001138,superseded_version,source_version_order
receipt-001139,selected_current,source_version_order
receipt-001140,selected_current,source_version_order
receipt-001141,selected_current,source_version_order
receipt-001142,repeated_snapshot,same_business_content
receipt-001143,selected_current,source_version_order
receipt-001144,selected_current,source_version_order
receipt-001145,selected_current,source_version_order
receipt-001146,selected_current,source_version_order
receipt-001147,selected_current,source_version_order
receipt-001148,superseded_version,source_version_order
receipt-001149,selected_current,source_version_order
receipt-001150,selected_current,source_version_order
receipt-001151,selected_current,source_version_order
receipt-001152,selected_current,source_version_order
receipt-001153,selected_current,source_version_order
receipt-001154,repeated_snapshot,same_business_content
receipt-001155,quarantined,score_out_of_range
receipt-001156,selected_current,source_version_order
receipt-001157,selected_current,source_version_order
receipt-001158,selected_current,source_version_order
receipt-001159,superseded_version,source_version_order
receipt-001160,selected_current,source_version_order
receipt-001161,selected_current,source_version_order
receipt-001162,selected_current,source_version_order
receipt-001163,selected_current,source_version_order
receipt-001164,selected_current,source_version_order
receipt-001165,selected_current,source_version_order
receipt-001166,selected_current,source_version_order
receipt-001167,repeated_snapshot,same_business_content
receipt-001168,selected_current,source_version_order
receipt-001169,superseded_version,source_version_order
receipt-001170,selected_current,source_version_order
receipt-001171,selected_current,source_version_order
receipt-001172,selected_current,source_version_order
receipt-001173,selected_current,source_version_order
receipt-001174,selected_current,source_version_order
receipt-001175,selected_current,source_version_order
receipt-001176,selected_current,source_version_order
receipt-001177,selected_current,source_version_order
receipt-001178,superseded_version,source_version_order
receipt-001179,selected_current,source_version_order
receipt-001180,repeated_snapshot,same_business_content
receipt-001181,selected_current,source_version_order
receipt-001182,selected_current,source_version_order
receipt-001183,selected_current,source_version_order
receipt-001184,selected_current,source_version_order
receipt-001185,selected_current,source_version_order
receipt-001186,selected_current,source_version_order
receipt-001187,selected_current,source_version_order
receipt-001188,superseded_version,source_version_order
receipt-001189,selected_current,source_version_order
receipt-001190,selected_current,source_version_order
receipt-001191,selected_current,source_version_order
receipt-001192,repeated_snapshot,same_business_content
receipt-001193,selected_current,source_version_order
receipt-001194,selected_current,source_version_order
receipt-001195,selected_current,source_version_order
receipt-001196,selected_current,source_version_order
receipt-001197,selected_current,source_version_order
receipt-001198,superseded_version,source_version_order
receipt-001199,selected_current,source_version_order
receipt-001200,selected_current,source_version_order
receipt-001201,selected_current,source_version_order
receipt-001202,selected_current,source_version_order
receipt-001203,selected_current,source_version_order
receipt-001204,repeated_snapshot,same_business_content
receipt-001205,selected_current,source_version_order
receipt-001206,selected_current,source_version_order
receipt-001207,selected_current,source_version_order
receipt-001208,superseded_version,source_version_order
receipt-001209,selected_current,source_version_order
receipt-001210,selected_current,source_version_order
receipt-001211,selected_current,source_version_order
receipt-001212,selected_current,source_version_order
receipt-001213,selected_current,source_version_order
receipt-001214,selected_current,source_version_order
receipt-001215,selected_current,source_version_order
receipt-001216,repeated_snapshot,same_business_content
receipt-001217,selected_current,source_version_order
receipt-001218,superseded_version,source_version_order
receipt-001219,selected_current,source_version_order
receipt-001220,selected_current,source_version_order
receipt-001221,selected_current,source_version_order
receipt-001222,selected_current,source_version_order
receipt-001223,selected_current,source_version_order
receipt-001224,selected_current,source_version_order
receipt-001225,selected_current,source_version_order
receipt-001226,selected_current,source_version_order
receipt-001227,superseded_version,source_version_order
receipt-001228,selected_current,source_version_order
receipt-001229,repeated_snapshot,same_business_content
receipt-001230,quarantined,score_out_of_range
receipt-001231,selected_current,source_version_order
receipt-001232,selected_current,source_version_order
receipt-001233,selected_current,source_version_order
receipt-001234,selected_current,source_version_order
receipt-001235,selected_current,source_version_order
receipt-001236,selected_current,source_version_order
receipt-001237,selected_current,source_version_order
receipt-001238,superseded_version,source_version_order
receipt-001239,selected_current,source_version_order
receipt-001240,selected_current,source_version_order
receipt-001241,selected_current,source_version_order
receipt-001242,repeated_snapshot,same_business_content
receipt-001243,selected_current,source_version_order
receipt-001244,selected_current,source_version_order
receipt-001245,selected_current,source_version_order
receipt-001246,selected_current,source_version_order
receipt-001247,selected_current,source_version_order
receipt-001248,superseded_version,source_version_order
receipt-001249,selected_current,source_version_order
receipt-001250,selected_current,source_version_order
receipt-001251,selected_current,source_version_order
receipt-001252,selected_current,source_version_order
receipt-001253,selected_current,source_version_order
receipt-001254,repeated_snapshot,same_business_content
receipt-001255,selected_current,source_version_order
receipt-001256,selected_current,source_version_order
receipt-001257,selected_current,source_version_order
receipt-001258,superseded_version,source_version_order
receipt-001259,selected_current,source_version_order
receipt-001260,selected_current,source_version_order
receipt-001261,selected_current,source_version_order
receipt-001262,selected_current,source_version_order
receipt-001263,selected_current,source_version_order
receipt-001264,selected_current,source_version_order
receipt-001265,selected_current,source_version_order
receipt-001266,repeated_snapshot,same_business_content
receipt-001267,selected_current,source_version_order
receipt-001268,superseded_version,source_version_order
receipt-001269,selected_current,source_version_order
receipt-001270,selected_current,source_version_order
receipt-001271,selected_current,source_version_order
receipt-001272,selected_current,source_version_order
receipt-001273,selected_current,source_version_order
receipt-001274,selected_current,source_version_order
receipt-001275,selected_current,source_version_order
receipt-001276,selected_current,source_version_order
receipt-001277,superseded_version,source_version_order
receipt-001278,selected_current,source_version_order
receipt-001279,repeated_snapshot,same_business_content
receipt-001280,selected_current,source_version_order
receipt-001281,selected_current,source_version_order
receipt-001282,selected_current,source_version_order
receipt-001283,selected_current,source_version_order
receipt-001284,selected_current,source_version_order
receipt-001285,selected_current,source_version_order
receipt-001286,selected_current,source_version_order
receipt-001287,superseded_version,source_version_order
receipt-001288,selected_current,source_version_order
receipt-001289,selected_current,source_version_order
receipt-001290,selected_current,source_version_order
receipt-001291,repeated_snapshot,same_business_content
receipt-001292,selected_current,source_version_order
receipt-001293,selected_current,source_version_order
receipt-001294,selected_current,source_version_order
receipt-001295,selected_current,source_version_order
receipt-001296,selected_current,source_version_order
receipt-001297,superseded_version,source_version_order
receipt-001298,selected_current,source_version_order
receipt-001299,selected_current,source_version_order
receipt-001300,selected_current,source_version_order
receipt-001301,selected_current,source_version_order
receipt-001302,selected_current,source_version_order
receipt-001303,repeated_snapshot,same_business_content
receipt-001304,quarantined,score_out_of_range
receipt-001305,selected_current,source_version_order
receipt-001306,selected_current,source_version_order
receipt-001307,selected_current,source_version_order
receipt-001308,superseded_version,source_version_order
receipt-001309,selected_current,source_version_order
receipt-001310,selected_current,source_version_order
receipt-001311,selected_current,source_version_order
receipt-001312,selected_current,source_version_order
receipt-001313,selected_current,source_version_order
receipt-001314,selected_current,source_version_order
receipt-001315,selected_current,source_version_order
receipt-001316,repeated_snapshot,same_business_content
receipt-001317,selected_current,source_version_order
receipt-001318,superseded_version,source_version_order
receipt-001319,selected_current,source_version_order
receipt-001320,selected_current,source_version_order
receipt-001321,selected_current,source_version_order
receipt-001322,selected_current,source_version_order
receipt-001323,selected_current,source_version_order
receipt-001324,selected_current,source_version_order
receipt-001325,selected_current,source_version_order
receipt-001326,selected_current,source_version_order
receipt-001327,superseded_version,source_version_order
receipt-001328,selected_current,source_version_order
receipt-001329,repeated_snapshot,same_business_content
receipt-001330,selected_current,source_version_order
receipt-001331,selected_current,source_version_order
receipt-001332,selected_current,source_version_order
receipt-001333,selected_current,source_version_order
receipt-001334,selected_current,source_version_order
receipt-001335,selected_current,source_version_order
receipt-001336,selected_current,source_version_order
receipt-001337,superseded_version,source_version_order
receipt-001338,selected_current,source_version_order
receipt-001339,selected_current,source_version_order
receipt-001340,selected_current,source_version_order
receipt-001341,repeated_snapshot,same_business_content
receipt-001342,selected_current,source_version_order
receipt-001343,selected_current,source_version_order
receipt-001344,selected_current,source_version_order
receipt-001345,selected_current,source_version_order
receipt-001346,selected_current,source_version_order
receipt-001347,superseded_version,source_version_order
receipt-001348,selected_current,source_version_order
receipt-001349,selected_current,source_version_order
receipt-001350,selected_current,source_version_order
receipt-001351,selected_current,source_version_order
receipt-001352,selected_current,source_version_order
receipt-001353,repeated_snapshot,same_business_content
receipt-001354,selected_current,source_version_order
receipt-001355,selected_current,source_version_order
receipt-001356,selected_current,source_version_order
receipt-001357,superseded_version,source_version_order
receipt-001358,selected_current,source_version_order
receipt-001359,selected_current,source_version_order
receipt-001360,selected_current,source_version_order
receipt-001361,selected_current,source_version_order
receipt-001362,selected_current,source_version_order
receipt-001363,selected_current,source_version_order
receipt-001364,selected_current,source_version_order
receipt-001365,repeated_snapshot,same_business_content
receipt-001366,selected_current,source_version_order
receipt-001367,superseded_version,source_version_order
receipt-001368,selected_current,source_version_order
receipt-001369,selected_current,source_version_order
receipt-001370,selected_current,source_version_order
receipt-001371,selected_current,source_version_order
receipt-001372,selected_current,source_version_order
receipt-001373,selected_current,source_version_order
receipt-001374,selected_current,source_version_order
receipt-001375,selected_current,source_version_order
receipt-001376,superseded_version,source_version_order
receipt-001377,selected_current,source_version_order
receipt-001378,repeated_snapshot,same_business_content
receipt-001379,quarantined,score_out_of_range
receipt-001380,selected_current,source_version_order
receipt-001381,selected_current,source_version_order
receipt-001382,selected_current,source_version_order
receipt-001383,selected_current,source_version_order
receipt-001384,selected_current,source_version_order
receipt-001385,selected_current,source_version_order
receipt-001386,selected_current,source_version_order
receipt-001387,superseded_version,source_version_order
receipt-001388,selected_current,source_version_order
receipt-001389,selected_current,source_version_order
receipt-001390,selected_current,source_version_order
receipt-001391,repeated_snapshot,same_business_content
receipt-001392,selected_current,source_version_order
receipt-001393,selected_current,source_version_order
receipt-001394,selected_current,source_version_order
receipt-001395,selected_current,source_version_order
receipt-001396,selected_current,source_version_order
receipt-001397,superseded_version,source_version_order
receipt-001398,selected_current,source_version_order
receipt-001399,selected_current,source_version_order
receipt-001400,selected_current,source_version_order
receipt-001401,selected_current,source_version_order
receipt-001402,selected_current,source_version_order
receipt-001403,repeated_snapshot,same_business_content
receipt-001404,selected_current,source_version_order
receipt-001405,selected_current,source_version_order
receipt-001406,selected_current,source_version_order
receipt-001407,superseded_version,source_version_order
receipt-001408,selected_current,source_version_order
receipt-001409,selected_current,source_version_order
receipt-001410,selected_current,source_version_order
receipt-001411,selected_current,source_version_order
receipt-001412,selected_current,source_version_order
receipt-001413,selected_current,source_version_order
receipt-001414,selected_current,source_version_order
receipt-001415,repeated_snapshot,same_business_content
receipt-001416,selected_current,source_version_order
receipt-001417,superseded_version,source_version_order
receipt-001418,selected_current,source_version_order
receipt-001419,selected_current,source_version_order
receipt-001420,selected_current,source_version_order
receipt-001421,selected_current,source_version_order
receipt-001422,selected_current,source_version_order
receipt-001423,selected_current,source_version_order
receipt-001424,selected_current,source_version_order
receipt-001425,selected_current,source_version_order
receipt-001426,superseded_version,source_version_order
receipt-001427,selected_current,source_version_order
receipt-001428,repeated_snapshot,same_business_content
receipt-001429,selected_current,source_version_order
receipt-001430,selected_current,source_version_order
receipt-001431,selected_current,source_version_order
receipt-001432,selected_current,source_version_order
receipt-001433,selected_current,source_version_order
receipt-001434,selected_current,source_version_order
receipt-001435,selected_current,source_version_order
receipt-001436,superseded_version,source_version_order
receipt-001437,selected_current,source_version_order
receipt-001438,selected_current,source_version_order
receipt-001439,selected_current,source_version_order
receipt-001440,repeated_snapshot,same_business_content
receipt-001441,selected_current,source_version_order
receipt-001442,selected_current,source_version_order
receipt-001443,selected_current,source_version_order
receipt-001444,selected_current,source_version_order
receipt-001445,selected_current,source_version_order
receipt-001446,superseded_version,source_version_order
receipt-001447,selected_current,source_version_order
receipt-001448,selected_current,source_version_order
receipt-001449,selected_current,source_version_order
receipt-001450,selected_current,source_version_order
receipt-001451,selected_current,source_version_order
receipt-001452,repeated_snapshot,same_business_content
receipt-001453,quarantined,score_out_of_range
receipt-001454,selected_current,source_version_order
receipt-001455,selected_current,source_version_order
receipt-001456,selected_current,source_version_order
receipt-001457,superseded_version,source_version_order
receipt-001458,selected_current,source_version_order
receipt-001459,selected_current,source_version_order
receipt-001460,selected_current,source_version_order
receipt-001461,selected_current,source_version_order
receipt-001462,selected_current,source_version_order
receipt-001463,selected_current,source_version_order
receipt-001464,selected_current,source_version_order
receipt-001465,repeated_snapshot,same_business_content
receipt-001466,selected_current,source_version_order
receipt-001467,superseded_version,source_version_order
receipt-001468,selected_current,source_version_order
receipt-001469,selected_current,source_version_order
receipt-001470,selected_current,source_version_order
receipt-001471,selected_current,source_version_order
receipt-001472,selected_current,source_version_order
receipt-001473,selected_current,source_version_order
receipt-001474,selected_current,source_version_order
receipt-001475,selected_current,source_version_order
receipt-001476,superseded_version,source_version_order
receipt-001477,selected_current,source_version_order
receipt-001478,repeated_snapshot,same_business_content
receipt-001479,selected_current,source_version_order
receipt-001480,selected_current,source_version_order
receipt-001481,selected_current,source_version_order
receipt-001482,selected_current,source_version_order
receipt-001483,selected_current,source_version_order
receipt-001484,selected_current,source_version_order
receipt-001485,selected_current,source_version_order
receipt-001486,superseded_version,source_version_order
receipt-001487,selected_current,source_version_order
receipt-001488,selected_current,source_version_order
receipt-001489,selected_current,source_version_order
receipt-001490,repeated_snapshot,same_business_content
receipt-001491,selected_current,source_version_order
receipt-001492,selected_current,source_version_order
receipt-001493,selected_current,source_version_order
receipt-001494,selected_current,source_version_order
receipt-001495,selected_current,source_version_order
receipt-001496,superseded_version,source_version_order
receipt-001497,selected_current,source_version_order
receipt-001498,selected_current,source_version_order
receipt-001499,selected_current,source_version_order
receipt-001500,selected_current,source_version_order
receipt-001501,selected_current,source_version_order
receipt-001502,repeated_snapshot,same_business_content
receipt-001503,selected_current,source_version_order
receipt-001504,selected_current,source_version_order
receipt-001505,selected_current,source_version_order
receipt-001506,superseded_version,source_version_order
receipt-001507,selected_current,source_version_order
receipt-001508,selected_current,source_version_order
receipt-001509,selected_current,source_version_order
receipt-001510,selected_current,source_version_order
receipt-001511,selected_current,source_version_order
receipt-001512,selected_current,source_version_order
receipt-001513,selected_current,source_version_order
receipt-001514,repeated_snapshot,same_business_content
receipt-001515,selected_current,source_version_order
receipt-001516,superseded_version,source_version_order
receipt-001517,selected_current,source_version_order
receipt-001518,selected_current,source_version_order
receipt-001519,selected_current,source_version_order
receipt-001520,selected_current,source_version_order
receipt-001521,selected_current,source_version_order
receipt-001522,selected_current,source_version_order
receipt-001523,selected_current,source_version_order
receipt-001524,selected_current,source_version_order
